Category,SubCategory,Venue,Zone
 Auto In Market,,,
 Auto In Market , Class,,
 Auto In Market , Class , Economy Cars,
 Auto In Market , Class , Luxury Cars,
 Auto In Market , Class , Mid Class Cars,
 Auto In Market , Dealerships,,
 Auto In Market , Dealerships , Acura,
 Auto In Market , Dealerships , Alfa Romeo,
 Auto In Market , Dealerships , Aston Martin,
 Auto In Market , Dealerships , Audi,
 Auto In Market , Dealerships , Bentley,
 Auto In Market , Dealerships , Bmw,
 Auto In Market , Dealerships , Buick,
 Auto In Market , Dealerships , Cadillac,
 Auto In Market , Dealerships , Carmax,
 Auto In Market , Dealerships , Chevrolet,
 Auto In Market , Dealerships , Chrysler,
 Auto In Market , Dealerships , Dodge,
 Auto In Market , Dealerships , Ferrari,
 Auto In Market , Dealerships , Fiat-Abarth,
 Auto In Market , Dealerships , Ford,
 Auto In Market , Dealerships , Gmc,
 Auto In Market , Dealerships , Honda,
 Auto In Market , Dealerships , Hyundai,
 Auto In Market , Dealerships , Infiniti,
 Auto In Market , Dealerships , Jaguar,
 Auto In Market , Dealerships , Jeep,
 Auto In Market , Dealerships , Kia,
 Auto In Market , Dealerships , Lamborghini,
 Auto In Market , Dealerships , Lancia,
 Auto In Market , Dealerships , Land Rover,
 Auto In Market , Dealerships , Lexus,
 Auto In Market , Dealerships , Lincoln,
 Auto In Market , Dealerships , Luxury Cars,
 Auto In Market , Dealerships , Maserati,
 Auto In Market , Dealerships , Mazda,
 Auto In Market , Dealerships , Mercedes Benz,
 Auto In Market , Dealerships , Mini,
 Auto In Market , Dealerships , Mitsubishi,
 Auto In Market , Dealerships , New Car,
 Auto In Market , Dealerships , Nissan,
 Auto In Market , Dealerships , Porsche,
 Auto In Market , Dealerships , Rolls-Royce,
 Auto In Market , Dealerships , Scion,
 Auto In Market , Dealerships , Smart,
 Auto In Market , Dealerships , Sports Cars,
 Auto In Market , Dealerships , Subaru,
 Auto In Market , Dealerships , Suzuki,
 Auto In Market , Dealerships , Tesla,
 Auto In Market , Dealerships , Toyota,
 Auto In Market , Dealerships , Used Car,
 Auto In Market , Dealerships , Volkswagen,
 Auto In Market , Dealerships , Volvo,
 Auto In Market , Origin,,
 Auto In Market , Origin , American Cars,
 Auto In Market , Origin , Asian Cars,
 Auto In Market , Origin , European Cars,
 Banking,,,
 Banking , ATB Financial,,
 Banking , Bank Of America,,
 Banking , Bank Of New York Mellon,,
 Banking , Bank Of The West,,
 Banking , Barclays,,
 Banking , BB&T,,
 Banking , BBVA Compass,,
 Banking , Capital One,,
 Banking , Chase,,
 Banking , Citibank,,
 Banking , Citizens Bank,,
 Banking , Clydesdale Bank,,
 Banking , Fifth Third Banks,,
 Banking , First Banks,,
 Banking , First Citizens Bank,,
 Banking , First National Bank,,
 Banking , First State Bank,,
 Banking , HSBC,,
 Banking , Huntington Bank,,
 Banking , JP Morgan,,
 Banking , Keybank,,
 Banking , M&T Bank,,
 Banking , Peoples United Bank,,
 Banking , PNC,,
 Banking , Regions Bank,,
 Banking , Santander,,
 Banking , Suntrust,,
 Banking , TdDAmeritrade,,
 Banking , U.S. Bank,,
 Banking , Union Bank,,
 Banking , United,,
 Banking , US Bank Corp,,
 Banking , Wells Fargo,,
 Banking , Western Union,,
 Banking , Woodforest National Bank,,
 Dining,,,
 Dining , Breakfast Foods,,
 Dining , Breakfast Foods , Big Boy,
 Dining , Breakfast Foods , Bob Evans,
 Dining , Breakfast Foods , Cracker Barrel Old Country Store,
 Dining , Breakfast Foods , Denny's,
 Dining , Breakfast Foods , Einstein Bros. Bagels,
 Dining , Breakfast Foods , Huddle House,
 Dining , Breakfast Foods , Ihop,
 Dining , Breakfast Foods , Mimi's Cafe,
 Dining , Breakfast Foods , Perkins Restaurant And Bakery,
 Dining , Breakfast Foods , Shoney's,
 Dining , Breakfast Foods , The Original Pancake House,
 Dining , Breakfast Foods , Waffle House,
 Dining , Casual Restaurants,,
 Dining , Casual Restaurants , Applebee'S,
 Dining , Casual Restaurants , Bahama Breeze,
 Dining , Casual Restaurants , Baja Fresh,
 Dining , Casual Restaurants , Bakers Square,
 Dining , Casual Restaurants , Benihana,
 Dining , Casual Restaurants , Bennigan'S,
 Dining , Casual Restaurants , Bertucci'S,
 Dining , Casual Restaurants , Big Boy,
 Dining , Casual Restaurants , Bj'S Restaurant & Brewery,
 Dining , Casual Restaurants , Black Angus,
 Dining , Casual Restaurants , Black-Eyed Pea,
 Dining , Casual Restaurants , Bob Evans,
 Dining , Casual Restaurants , Boston Pizza,
 Dining , Casual Restaurants , Bubba Gump Shrimp Company,
 Dining , Casual Restaurants , Buca Di Beppo,
 Dining , Casual Restaurants , Buffalo Wild Wings,
 Dining , Casual Restaurants , California Pizza Kitchen,
 Dining , Casual Restaurants , Carrabba'S Italian Grill,
 Dining , Casual Restaurants , Carrows,
 Dining , Casual Restaurants , Champps Americana,
 Dining , Casual Restaurants , Checkers/Rally'S,
 Dining , Casual Restaurants , Cheddar'S Casual Cafe,
 Dining , Casual Restaurants , Cheeseburger In Paradise,
 Dining , Casual Restaurants , Chevys Fresh Mex,
 Dining , Casual Restaurants , Chili'S,
 Dining , Casual Restaurants , Cosi,
 Dining , Casual Restaurants , Cracker Barrel Old Country Store,
 Dining , Casual Restaurants , Dave & Buster'S,
 Dining , Casual Restaurants , Denny'S,
 Dining , Casual Restaurants , Dickey'S Barbecue Pit,
 Dining , Casual Restaurants , Domino'S Pizza,
 Dining , Casual Restaurants , Earls,
 Dining , Casual Restaurants , East Side Mario'S,
 Dining , Casual Restaurants , El Torito,
 Dining , Casual Restaurants , Fatz,
 Dining , Casual Restaurants , Firehouse Subs,
 Dining , Casual Restaurants , Five Guys Burgers & Fries,
 Dining , Casual Restaurants , Friendly'S,
 Dining , Casual Restaurants , Fuddruckers,
 Dining , Casual Restaurants , Hard Rock Cafe,
 Dining , Casual Restaurants , Hooters,
 Dining , Casual Restaurants , Hoss'S Steak And Sea House,
 Dining , Casual Restaurants , Houlihan'S,
 Dining , Casual Restaurants , Ichiban,
 Dining , Casual Restaurants , Ihop,
 Dining , Casual Restaurants , Joe'S Crab Shack,
 Dining , Casual Restaurants , Johnny Rockets,
 Dining , Casual Restaurants , Kings Family Restaurants,
 Dining , Casual Restaurants , Landry'S Restaurants,
 Dining , Casual Restaurants , Logan'S Roadhouse,
 Dining , Casual Restaurants , Lone Star Frequent Diner & Saloon,
 Dining , Casual Restaurants , Longhorn Casual Dining Frequent Diner,
 Dining , Casual Restaurants , Maggiano'S,
 Dining , Casual Restaurants , Marie Callender'S,
 Dining , Casual Restaurants , Mary Brown'S,
 Dining , Casual Restaurants , Mimi'S Cafe,
 Dining , Casual Restaurants , Morton'S,
 Dining , Casual Restaurants , Mr. Sub,
 Dining , Casual Restaurants , Nando,
 Dining , Casual Restaurants , Noodles & Company,
 Dining , Casual Restaurants , O'Charley'S,
 Dining , Casual Restaurants , Olive Garden,
 Dining , Casual Restaurants , On The Border Mexican Grill & Cantina,
 Dining , Casual Restaurants , Outback Steakhouse,
 Dining , Casual Restaurants , P. F. Chang'S China Bistro,
 Dining , Casual Restaurants , Panago Pizza,
 Dining , Casual Restaurants , Pei Wei Asian Diner,
 Dining , Casual Restaurants , Perkins Restaurant And Bakery,
 Dining , Casual Restaurants , Pick Up Stix Fresh Asian Kitchen,
 Dining , Casual Restaurants , Pizzaexpress,
 Dining , Casual Restaurants , Planet Hollywood,
 Dining , Casual Restaurants , Quaker Steak & Lube,
 Dining , Casual Restaurants , Rainforest Cafe,
 Dining , Casual Restaurants , Red Hot & Blue,
 Dining , Casual Restaurants , Red Lobster,
 Dining , Casual Restaurants , Red Robin,
 Dining , Casual Restaurants , Romano'S Macaroni Grill,
 Dining , Casual Restaurants , Ruby Tuesday,
 Dining , Casual Restaurants , Ruth'S Chris Steak House,
 Dining , Casual Restaurants , Senor Frog'S,
 Dining , Casual Restaurants , Shoney'S,
 Dining , Casual Restaurants , Smokey Bones,
 Dining , Casual Restaurants , Steak 'N Shake,
 Dining , Casual Restaurants , T.G.I. Friday'S,
 Dining , Casual Restaurants , Texas Roadhouse,
 Dining , Casual Restaurants , The Cheesecake Factory,
 Dining , Casual Restaurants , The Original Pancake House,
 Dining , Casual Restaurants , Thorntons,
 Dining , Casual Restaurants , Tony Roma'S,
 Dining , Casual Restaurants , Uno Chicago Grill,
 Dining , Casual Restaurants , Village Inn,
 Dining , Casual Restaurants , Waffle House,
 Dining , Casual Restaurants , West Cornwall Pasty,
 Dining , Coffee Shops,,
 Dining , Coffee Shops , Caribou Coffee,
 Dining , Coffee Shops , Costa Coffee,
 Dining , Coffee Shops , Dunkin Donuts,
 Dining , Coffee Shops , Dutch Bros. Coffee,
 Dining , Coffee Shops , Einstein Bros. Bagels,
 Dining , Coffee Shops , Peet'S Coffee & Tea,
 Dining , Coffee Shops , Starbucks,
 Dining , Coffee Shops , The Coffee Bean & Tea Leaf,
 Dining , Food Genre,,
 Dining , Food Genre , American,
 Dining , Food Genre , Asian Food,
 Dining , Food Genre , Asian Food , Chinese Food
 Dining , Food Genre , Asian Food , Indian Food
 Dining , Food Genre , Asian Food , Japanese Food
 Dining , Food Genre , Asian Food , Korean Food
 Dining , Food Genre , Asian Food , Thai Food
 Dining , Food Genre , Asian Food , Vietnamese Food
 Dining , Food Genre , French,
 Dining , Food Genre , Italian,
 Dining , Food Genre , Mexican,
 Dining , Ice Cream & Frozen Yogurt,,
 Dining , Ice Cream & Frozen Yogurt , Baskin Robbins,
 Dining , Ice Cream & Frozen Yogurt , Braum's Ice Cream & Dairy Stores,
 Dining , Ice Cream & Frozen Yogurt , Cold Stone Creamery,
 Dining , Ice Cream & Frozen Yogurt , Freddy's Frozen Custard & Steakburgers,
 Dining , Ice Cream & Frozen Yogurt , Haagen-Dazs,
 Dining , Ice Cream & Frozen Yogurt , Menchies,
 Dining , Ice Cream & Frozen Yogurt , Red Mango,
 Dining , Ice Cream & Frozen Yogurt , Rita'S,
 Dining , Ice Cream & Frozen Yogurt , Sonic Drive-In,
 Dining , Ice Cream & Frozen Yogurt , Sweetfrog,
 Dining , Ice Cream & Frozen Yogurt , TCBY,
 Dining , Ice Cream & Frozen Yogurt , Yogurt Land,
 Dining , QSR / Fastfood,,
 Dining , QSR / Fastfood , A&W Restaurant,
 Dining , QSR / Fastfood , Arby's,
 Dining , QSR / Fastfood , Auntie Anne's,
 Dining , QSR / Fastfood , Blimpie,
 Dining , QSR / Fastfood , Bojangles,
 Dining , QSR / Fastfood , Boston Market,
 Dining , QSR / Fastfood , Braum'S Ice Cream & Dairy Stores,
 Dining , QSR / Fastfood , Burger King,
 Dining , QSR / Fastfood , Captain D's,
 Dining , QSR / Fastfood , Caribou Coffee,
 Dining , QSR / Fastfood , Carl'S Jr.,
 Dining , QSR / Fastfood , Charleys Philly Steaks,
 Dining , QSR / Fastfood , Chick-Fil-A,
 Dining , QSR / Fastfood , Chipotle Mexican Grill,
 Dining , QSR / Fastfood , Chuck E. Cheese's,
 Dining , QSR / Fastfood , Church's Chicken,
 Dining , QSR / Fastfood , Cicis Pizza,
 Dining , QSR / Fastfood , Cinnabon,
 Dining , QSR / Fastfood , Costa Coffee,
 Dining , QSR / Fastfood , Culver's,
 Dining , QSR / Fastfood , Dairy Queen/Orange Julius,
 Dining , QSR / Fastfood , Del Taco,
 Dining , QSR / Fastfood , Dunkin Donuts,
 Dining , QSR / Fastfood , Dutch Bros. Coffee,
 Dining , QSR / Fastfood , Einstein Bros. Bagels,
 Dining , QSR / Fastfood , El Pollo Loco,
 Dining , QSR / Fastfood , Fox'S Pizza Den,
 Dining , QSR / Fastfood , Freddy'S Frozen Custard & Steakburgers,
 Dining , QSR / Fastfood , Godfather's Pizza,
 Dining , QSR / Fastfood , Golden Chick,
 Dining , QSR / Fastfood , Golden Corral,
 Dining , QSR / Fastfood , Great American Cookies,
 Dining , QSR / Fastfood , Hardee's,
 Dining , QSR / Fastfood , Hungry Howie's Pizza,
 Dining , QSR / Fastfood , In-N-Out Burger,
 Dining , QSR / Fastfood , Jack In The Box,
 Dining , QSR / Fastfood , Jason'S Deli,
 Dining , QSR / Fastfood , Jersey Mike's Subs,
 Dining , QSR / Fastfood , Jet's Pizza,
 Dining , QSR / Fastfood , Jimmy John's,
 Dining , QSR / Fastfood , KFC,
 Dining , QSR / Fastfood , Krispy Kreme,
 Dining , QSR / Fastfood , Krystal,
 Dining , QSR / Fastfood , Little Caesars,
 Dining , QSR / Fastfood , Long John Silver's,
 Dining , QSR / Fastfood , Luby's,
 Dining , QSR / Fastfood , Marco'S Pizza,
 Dining , QSR / Fastfood , Mazzio's Italian Eatery,
 Dining , QSR / Fastfood , Mc Donalds,
 Dining , QSR / Fastfood , Moe's Southwest Grill,
 Dining , QSR / Fastfood , Mountain Mike's Pizza,
 Dining , QSR / Fastfood , Old Country Buffet/Hometown Buffet,
 Dining , QSR / Fastfood , Panda Express,
 Dining , QSR / Fastfood , Papa Gino'S Pizzeria,
 Dining , QSR / Fastfood , Papa John's,
 Dining , QSR / Fastfood , Papa Murphy's Pizza,
 Dining , QSR / Fastfood , Peet's Coffee & Tea,
 Dining , QSR / Fastfood , Peter Piper Pizza,
 Dining , QSR / Fastfood , Pinkberry,
 Dining , QSR / Fastfood , Pizza Hut,
 Dining , QSR / Fastfood , Pizza Ranch,
 Dining , QSR / Fastfood , Ponderosa/Bonanza,
 Dining , QSR / Fastfood , Popeyes Louisiana Kitchen,
 Dining , QSR / Fastfood , Potbelly Sandwich Shop,
 Dining , QSR / Fastfood , Qdoba Mexican Grill,
 Dining , QSR / Fastfood , Quiznos,
 Dining , QSR / Fastfood , Rally's Hamburgers,
 Dining , QSR / Fastfood , Rita's Ice,
 Dining , QSR / Fastfood , Round Table Pizza,
 Dining , QSR / Fastfood , Ryan's,
 Dining , QSR / Fastfood , Sarku Japan,
 Dining , QSR / Fastfood , Sbarro,
 Dining , QSR / Fastfood , Sizzler,
 Dining , QSR / Fastfood , Sonic Drive-In,
 Dining , QSR / Fastfood , Souplantation & Sweet Tomatoes,
 Dining , QSR / Fastfood , Starbucks,
 Dining , QSR / Fastfood , Subway,
 Dining , QSR / Fastfood , Taco Bell,
 Dining , QSR / Fastfood , Taco John'S,
 Dining , QSR / Fastfood , Tim Hortons,
 Dining , QSR / Fastfood , Togo's Sandwiches,
 Dining , QSR / Fastfood , Tropical Smoothie Cafe,
 Dining , QSR / Fastfood , Villa Fresh Italian Kitchen,
 Dining , QSR / Fastfood , Wendy'S,
 Dining , QSR / Fastfood , Western Sizzlin,
 Dining , QSR / Fastfood , Whataburger,
 Dining , QSR / Fastfood , Which Wich,
 Dining , QSR / Fastfood , White Castle,
 Dining , QSR / Fastfood , Wienerschnitzel,
 Dining , QSR / Fastfood , Wingstop,
 Dining , QSR / Fastfood , Zaxby's,
 Dining , Smoothie Shops,,
 Dining , Smoothie Shops , Grabbagreen,
 Dining , Smoothie Shops , Jamba Juice,
 Dining , Smoothie Shops , Robeks,
 Dining , Smoothie Shops , Smoothie King,
 Dining , Smoothie Shops , Tropical Smoothie Cafe,
 Dining , Sweets & Treats,,
 Dining , Sweets & Treats , Au Bon Pain,
 Dining , Sweets & Treats , Baked By Melissa,
 Dining , Sweets & Treats , Cinnabon,
 Dining , Sweets & Treats , Dunkin Donuts,
 Dining , Sweets & Treats , Great American Cookies,
 Dining , Sweets & Treats , Krispy Kreme,
 Dining , Sweets & Treats , Mrs Fields,
 Dining , Sweets & Treats , Panera Bread,
 Dining , Sweets & Treats , Tim Hortons,
 Education,,,
 Education , Libraries,,
 Education , Universities,,
 Entertainment,,,
 Entertainment , Casino Visitors  / Atlantic City,,
 Entertainment , Casino Visitors  / Atlantic City , Bally's,
 Entertainment , Casino Visitors  / Atlantic City , Borgata,
 Entertainment , Casino Visitors  / Atlantic City , Caesar'S,
 Entertainment , Casino Visitors  / Atlantic City , Golden Nugget,
 Entertainment , Casino Visitors  / Atlantic City , Harrah's,
 Entertainment , Casino Visitors  / Atlantic City , Resorts,
 Entertainment , Casino Visitors  / Atlantic City , Tropicana,
 Entertainment , Casino Visitors / Las Vegas,,
 Entertainment , Casino Visitors / Las Vegas , Aria,
 Entertainment , Casino Visitors / Las Vegas , Bally's,
 Entertainment , Casino Visitors / Las Vegas , Bellagio,
 Entertainment , Casino Visitors / Las Vegas , Bill's Gambling Hall,
 Entertainment , Casino Visitors / Las Vegas , Caesar's Palace,
 Entertainment , Casino Visitors / Las Vegas , Casino Royale,
 Entertainment , Casino Visitors / Las Vegas , Circus Circus,
 Entertainment , Casino Visitors / Las Vegas , Encore,
 Entertainment , Casino Visitors / Las Vegas , Excalibur,
 Entertainment , Casino Visitors / Las Vegas , Flamingo,
 Entertainment , Casino Visitors / Las Vegas , Harrah's,
 Entertainment , Casino Visitors / Las Vegas , Imperial Palace,
 Entertainment , Casino Visitors / Las Vegas , Luxor,
 Entertainment , Casino Visitors / Las Vegas , Mandalay Bay,
 Entertainment , Casino Visitors / Las Vegas , Mirage,
 Entertainment , Casino Visitors / Las Vegas , MMG Grand,
 Entertainment , Casino Visitors / Las Vegas , Monte Carlo,
 Entertainment , Casino Visitors / Las Vegas , New York New York,
 Entertainment , Casino Visitors / Las Vegas , O'Sheas,
 Entertainment , Casino Visitors / Las Vegas , Palazzo,
 Entertainment , Casino Visitors / Las Vegas , Paris,
 Entertainment , Casino Visitors / Las Vegas , Planet Hollywood,
 Entertainment , Casino Visitors / Las Vegas , Riviera,
 Entertainment , Casino Visitors / Las Vegas , Sahara,
 Entertainment , Casino Visitors / Las Vegas , Slots-A-Fun,
 Entertainment , Casino Visitors / Las Vegas , Stratosphere,
 Entertainment , Casino Visitors / Las Vegas , Treasure Island,
 Entertainment , Casino Visitors / Las Vegas , Tropicana,
 Entertainment , Casino Visitors / Las Vegas , Venetian,
 Entertainment , Casino Visitors / Las Vegas , Wynn,
 Entertainment , Movie Goers,,
 Entertainment , Movie Goers , Alamo,
 Entertainment , Movie Goers , AMC,
 Entertainment , Movie Goers , Bowtie Theaters,
 Entertainment , Movie Goers , Carmike,
 Entertainment , Movie Goers , Cinelandia,
 Entertainment , Movie Goers , Cinemark,
 Entertainment , Movie Goers , Cineworld,
 Entertainment , Movie Goers , Edwards,
 Entertainment , Movie Goers , IMAX,
 Entertainment , Movie Goers , Movie Mall,
 Entertainment , Movie Goers , Odeon,
 Entertainment , Movie Goers , Regal Entertainment,
 Entertainment , Movie Goers , United Artists,
 Entertainment , Sports,,
 Entertainment , Sports , MLB Fans,
 Entertainment , Sports , MLS Fans,
 Entertainment , Sports , Nascar Fans,
 Entertainment , Sports , NBA Fans,
 Entertainment , Sports , NCAA College Basketball Fans,
 Entertainment , Sports , NCAA College Football Fans,
 Entertainment , Sports , NFL Fans,
 Entertainment , Sports , NHL Fans,
 Entertainment , Sports , Stadium Goers,
 Entertainment , Sports , UFC Fans,
 Entertainment , Theater & Performance Art Lovers,,
 Finance,,,
 Finance , Insurance,,
 Finance , Insurance , AAA Insurance,
 Finance , Insurance , Aflac,
 Finance , Insurance , Allianz,
 Finance , Insurance , Allstate Insurance,
 Finance , Insurance , Amber Insurance,
 Finance , Insurance , American Family Insurance,
 Finance , Insurance , Chicago Title Company,
 Finance , Insurance , Farm Bureau Insurance,
 Finance , Insurance , Farmers Insurance,
 Finance , Insurance , Geico,
 Finance , Insurance , Kaiser Permanente Health Care,
 Finance , Insurance , Liberty Mutual,
 Finance , Insurance , Metlife,
 Finance , Insurance , Nationwide Insurance,
 Finance , Insurance , New York Life Insurance Company,
 Finance , Insurance , Northwestern Mutual Life Insurance,
 Finance , Insurance , State Farm,
 Financial Services,,,
 Financial Services , ACE Cash Express,,
 Financial Services , Advance America,,
 Financial Services , Ameriprise Financial,,
 Financial Services , Cash America,,
 Financial Services , Charles Schwab,,
 Financial Services , Check 'N Go,,
 Financial Services , Check Into Cash,,
 Financial Services , Compass,,
 Financial Services , Country Financial,,
 Financial Services , Edward Jones,,
 Financial Services , Farm Credit Services,,
 Financial Services , H&R Block,,
 Financial Services , Jackson Hewitt Tax Service,,
 Financial Services , Liberty Tax Service,,
 Financial Services , LPL Financial,,
 Financial Services , Merrill Lynch,,
 Financial Services , Onemain Financial,,
 Financial Services , Primerica Financial Services,,
 Financial Services , Raymond James Financial Services,,
 Financial Services , Scottrade,,
 Financial Services , Security Finance,,
 Financial Services , Springleaf Financial Services,,
 Lifestyle,,,
 Lifestyle , Bar Go-ers,,
 Lifestyle , Bar Go-ers , Lounge Bar Go-ers,
 Lifestyle , Bar Go-ers , Pub Go-ers,
 Lifestyle , Bar Go-ers , Sports Bar Go-ers,
 Lifestyle , Bar Go-ers , Wine Bar Go-ers,
 Lifestyle , Clubbers,,
 Lifestyle , Country Club,,
 Lifestyle , Gym And Fitness Centers,,
 Lifestyle , Gym And Fitness Centers , 24 Hour Fitness,
 Lifestyle , Gym And Fitness Centers , 9Round,
 Lifestyle , Gym And Fitness Centers , Anytime Fitness,
 Lifestyle , Gym And Fitness Centers , Bannatyne's,
 Lifestyle , Gym And Fitness Centers , Blink Fitness,
 Lifestyle , Gym And Fitness Centers , Crossfit,
 Lifestyle , Gym And Fitness Centers , Curves,
 Lifestyle , Gym And Fitness Centers , David Lloyd Leisure,
 Lifestyle , Gym And Fitness Centers , DW Fitness,
 Lifestyle , Gym And Fitness Centers , Esporta,
 Lifestyle , Gym And Fitness Centers , Fitness First,
 Lifestyle , Gym And Fitness Centers , Fitness Together,
 Lifestyle , Gym And Fitness Centers , Gold's Gym,
 Lifestyle , Gym And Fitness Centers , Goodlife Fitness,
 Lifestyle , Gym And Fitness Centers , Healthy Lifestyle,
 Lifestyle , Gym And Fitness Centers , Herbal Magic,
 Lifestyle , Gym And Fitness Centers , Koko Fitclub,
 Lifestyle , Gym And Fitness Centers , LA Fitness,
 Lifestyle , Gym And Fitness Centers , Lucille Roberts,
 Lifestyle , Gym And Fitness Centers , New York Sports Clubs,
 Lifestyle , Gym And Fitness Centers , Orangetheory,
 Lifestyle , Gym And Fitness Centers , Planet Fitness,
 Lifestyle , Gym And Fitness Centers , Powerhouse,
 Lifestyle , Gym And Fitness Centers , Pure Barre,
 Lifestyle , Gym And Fitness Centers , Retro Fitness,
 Lifestyle , Gym And Fitness Centers , Snap Fitness,
 Lifestyle , Gym And Fitness Centers , The Gym,
 Lifestyle , Gym And Fitness Centers , Virgin Active,
 Lifestyle , Gym And Fitness Centers , Weigth Watchers,
 Lifestyle , Gym And Fitness Centers , YMCA,
 Lifestyle , Gym And Fitness Centers , Youfit Health Clubs,
 Lifestyle , Parents Of Young Children,,
 Lifestyle , Parents Of Young Children , Babies R Us,
 Lifestyle , Parents Of Young Children , Gymboree,
 Lifestyle , Parents Of Young Children , JOJO Maman Bebe,
 Lifestyle , Parents Of Young Children , La Petite Academy,
 Lifestyle , Parents Of Young Children , Mamas & Papas,
 Lifestyle , Parents Of Young Children , Mothercare,
 Lifestyle , Parents Of Young Children , My Gym,
 Lifestyle , Parents Of Young Children , The Children'S Place,
 Lifestyle , Yacht Club,,
 Motorcycle In Market,,,
 Motorcycle In Market , BMW,,
 Motorcycle In Market , Harley-Davidson,,
 Motorcycle In Market , Honda,,
 Motorcycle In Market , Suzuki,,
 Motorcycle In Market , Yamaha,,
 Public,,,
 Public , Aquarium,,
 Public , Church,,
 Public , Dog Parks,,
 Public , Healthcare,,
 Public , Healthcare , Beltone Hearing Aid Center,
 Public , Healthcare , Davita Dialysis Center,
 Public , Healthcare , Hearing Aids By Miracle Ear,
 Public , Healthcare , Obstetrics & Gynaecology Clinics,
 Public , Healthcare , Quest Diagnostics,
 Public , Hospital,,
 Public , Museum,,
 Public , Parks,,
 Public , Post Office And Logistics,,
 Public , Post Office And Logistics , Fedex,
 Public , Post Office And Logistics , Post Office Us,
 Public , Post Office And Logistics , Royal Mail,
 Public , Post Office And Logistics , The Ups Store,
 Public , Train Station,,
 Public , Veterinary Care,,
 Public , Zoo,,
 Retail,,,
 Retail , Accessory Shoppers,,
 Retail , Accessory Shoppers , Accessorize,
 Retail , Accessory Shoppers , Bags Etc,
 Retail , Accessory Shoppers , Brighton Collectibles,
 Retail , Accessory Shoppers , Charming Charlie,
 Retail , Accessory Shoppers , Claire's,
 Retail , Accessory Shoppers , Fossil,
 Retail , Accessory Shoppers , Henri Bendel,
 Retail , Accessory Shoppers , Oakley Sunglasses,
 Retail , Accessory Shoppers , Sunglass Hut,
 Retail , Accessory Shoppers , Swatch,
 Retail , Apparel Shoppers,,
 Retail , Apparel Shoppers , Abercrombie & Fitch,
 Retail , Apparel Shoppers , Aeropostale,
 Retail , Apparel Shoppers , Against All Odds,
 Retail , Apparel Shoppers , Al's Formal Wear,
 Retail , Apparel Shoppers , American Apparel,
 Retail , Apparel Shoppers , American Eagle Outfitters,
 Retail , Apparel Shoppers , Ascena Retail Group,
 Retail , Apparel Shoppers , Avenue,
 Retail , Apparel Shoppers , Banana Republic,
 Retail , Apparel Shoppers , Bcbg,
 Retail , Apparel Shoppers , Bebe Stores,
 Retail , Apparel Shoppers , Belk,
 Retail , Apparel Shoppers , Benetton Group,
 Retail , Apparel Shoppers , Buckle,
 Retail , Apparel Shoppers , Burlington Coat Factory,
 Retail , Apparel Shoppers , Burton Menswear,
 Retail , Apparel Shoppers , Casual Male Xl,
 Retail , Apparel Shoppers , Catherines,
 Retail , Apparel Shoppers , Cato,
 Retail , Apparel Shoppers , Chico's,
 Retail , Apparel Shoppers , Christopher & Banks,
 Retail , Apparel Shoppers , David'S Bridal,
 Retail , Apparel Shoppers , Diesel,
 Retail , Apparel Shoppers , Dkny,
 Retail , Apparel Shoppers , Dockers,
 Retail , Apparel Shoppers , Dressbarn,
 Retail , Apparel Shoppers , Express,
 Retail , Apparel Shoppers , Forever 21,
 Retail , Apparel Shoppers , Gap,
 Retail , Apparel Shoppers , Guess,
 Retail , Apparel Shoppers , H&M,
 Retail , Apparel Shoppers , Hobbs,
 Retail , Apparel Shoppers , Hollister,
 Retail , Apparel Shoppers , Hot Topic,
 Retail , Apparel Shoppers , J. Press,
 Retail , Apparel Shoppers , J.Crew,
 Retail , Apparel Shoppers , Johnston & Murphy,
 Retail , Apparel Shoppers , Jos. A. Bank Clothiers,
 Retail , Apparel Shoppers , Justice,
 Retail , Apparel Shoppers , L Brands,
 Retail , Apparel Shoppers , L.K.Bennett,
 Retail , Apparel Shoppers , Lands' End,
 Retail , Apparel Shoppers , Lane Bryant,
 Retail , Apparel Shoppers , Levi's,
 Retail , Apparel Shoppers , Lucky Brand,
 Retail , Apparel Shoppers , Marshalls,
 Retail , Apparel Shoppers , Maurices,
 Retail , Apparel Shoppers , Men'S Wearhouse,
 Retail , Apparel Shoppers , New York & Company,
 Retail , Apparel Shoppers , Nike,
 Retail , Apparel Shoppers , Old Navy,
 Retail , Apparel Shoppers , Oshkosh B'Gosh,
 Retail , Apparel Shoppers , Pacsun,
 Retail , Apparel Shoppers , Pink,
 Retail , Apparel Shoppers , Plato's Closet,
 Retail , Apparel Shoppers , Roots,
 Retail , Apparel Shoppers , Ross Dress For Less,
 Retail , Apparel Shoppers , Rue21,
 Retail , Apparel Shoppers , Spencer'S,
 Retail , Apparel Shoppers , Stein Mart,
 Retail , Apparel Shoppers , Superdry,
 Retail , Apparel Shoppers , Talbots,
 Retail , Apparel Shoppers , The Limited,
 Retail , Apparel Shoppers , The North Face,
 Retail , Apparel Shoppers , Tj Maxx,
 Retail , Apparel Shoppers , Tommy Hilfiger,
 Retail , Apparel Shoppers , Urban Outfitters,
 Retail , Apparel Shoppers , Wet Seal,
 Retail , Apparel Shoppers , White House | Black Market,
 Retail , Arts & Crafts Shoppers,,
 Retail , Arts & Crafts Shoppers , Edible Arrangements,
 Retail , Arts & Crafts Shoppers , Hallmark,
 Retail , Arts & Crafts Shoppers , Hobby Lobby,
 Retail , Arts & Crafts Shoppers , Hobbycraft,
 Retail , Arts & Crafts Shoppers , Jo-Ann Stores,
 Retail , Arts & Crafts Shoppers , Michaels,
 Retail , Arts & Crafts Shoppers , Things Remembered,
 Retail , Auto Parts/Auto Repair Shoppers,,
 Retail , Auto Parts/Auto Repair Shoppers , Advance Auto Parts,
 Retail , Auto Parts/Auto Repair Shoppers , Autozone,
 Retail , Auto Parts/Auto Repair Shoppers , Carquest Auto Parts,
 Retail , Auto Parts/Auto Repair Shoppers , Discount Tire,
 Retail , Auto Parts/Auto Repair Shoppers , Firestone,
 Retail , Auto Parts/Auto Repair Shoppers , Glass Doctor,
 Retail , Auto Parts/Auto Repair Shoppers , Goodyear Tires,
 Retail , Auto Parts/Auto Repair Shoppers , Jiffy Lube,
 Retail , Auto Parts/Auto Repair Shoppers , Meineke Car Care Center,
 Retail , Auto Parts/Auto Repair Shoppers , Midas,
 Retail , Auto Parts/Auto Repair Shoppers , Monro Muffler Brake & Service,
 Retail , Auto Parts/Auto Repair Shoppers , Mr Lube,
 Retail , Auto Parts/Auto Repair Shoppers , Napa Auto Parts,
 Retail , Auto Parts/Auto Repair Shoppers , O'Reilly Auto Parts,
 Retail , Auto Parts/Auto Repair Shoppers , Pennzoil,
 Retail , Auto Parts/Auto Repair Shoppers , Pep Boys Auto Parts & Service,
 Retail , Auto Parts/Auto Repair Shoppers , Precision Tune Auto Care,
 Retail , Auto Parts/Auto Repair Shoppers , Safelite Auto Glass,
 Retail , Auto Parts/Auto Repair Shoppers , Sears Auto Center,
 Retail , Auto Parts/Auto Repair Shoppers , Speedy Glass,
 Retail , Auto Parts/Auto Repair Shoppers , Tires Plus Total Car Care,
 Retail , Auto Parts/Auto Repair Shoppers , Valvoline Express Care,
 Retail , Big Box Shoppers,,
 Retail , Big Box Shoppers , Big Lots,
 Retail , Big Box Shoppers , BJ's Wholesale Club,
 Retail , Big Box Shoppers , Costco,
 Retail , Big Box Shoppers , Dillard's,
 Retail , Big Box Shoppers , Fred Meyer,
 Retail , Big Box Shoppers , Goody's,
 Retail , Big Box Shoppers , JC Penney,
 Retail , Big Box Shoppers , Kmart,
 Retail , Big Box Shoppers , Kohl's,
 Retail , Big Box Shoppers , Macy's,
 Retail , Big Box Shoppers , Meijer,
 Retail , Big Box Shoppers , Sam's Club,
 Retail , Big Box Shoppers , Sears,
 Retail , Big Box Shoppers , Target,
 Retail , Big Box Shoppers , Walmart,
 Retail , Consumer Electronics Shoppers,,
 Retail , Consumer Electronics Shoppers , Apple Store,
 Retail , Consumer Electronics Shoppers , Att,
 Retail , Consumer Electronics Shoppers , Batteries Plus Bulbs,
 Retail , Consumer Electronics Shoppers , Bell,
 Retail , Consumer Electronics Shoppers , Best Buy,
 Retail , Consumer Electronics Shoppers , Boost Mobile,
 Retail , Consumer Electronics Shoppers , Bose,
 Retail , Consumer Electronics Shoppers , Cricket Wireless,
 Retail , Consumer Electronics Shoppers , Family Video,
 Retail , Consumer Electronics Shoppers , Fido,
 Retail , Consumer Electronics Shoppers , Fry'S Electronics,
 Retail , Consumer Electronics Shoppers , Game,
 Retail , Consumer Electronics Shoppers , Game Stop,
 Retail , Consumer Electronics Shoppers , Gamestation,
 Retail , Consumer Electronics Shoppers , Gamestop,
 Retail , Consumer Electronics Shoppers , Grainger Games,
 Retail , Consumer Electronics Shoppers , Microsoft,
 Retail , Consumer Electronics Shoppers , Pc World,
 Retail , Consumer Electronics Shoppers , Radioshack,
 Retail , Consumer Electronics Shoppers , Redbox,
 Retail , Consumer Electronics Shoppers , Sprint,
 Retail , Consumer Electronics Shoppers , T-Mobile,
 Retail , Consumer Electronics Shoppers , Target,
 Retail , Consumer Electronics Shoppers , Tiger Direct,
 Retail , Consumer Electronics Shoppers , Time Warner Cable,
 Retail , Consumer Electronics Shoppers , U.S. Cellular,
 Retail , Consumer Electronics Shoppers , Verizon Wireless,
 Retail , Consumer Electronics Shoppers , Virgin Mobile,
 Retail , Consumer Electronics Shoppers , Walmart,
 Retail , Convenience Stores Shoppers,,
 Retail , Convenience Stores Shoppers , 7-Eleven,
 Retail , Convenience Stores Shoppers , Circle K,
 Retail , Convenience Stores Shoppers , Corner Store,
 Retail , Convenience Stores Shoppers , Cumberland Farms,
 Retail , Convenience Stores Shoppers , E-Z Mart Stores,
 Retail , Convenience Stores Shoppers , Kangaroo,
 Retail , Convenience Stores Shoppers , Kum & Go,
 Retail , Convenience Stores Shoppers , Mapco,
 Retail , Convenience Stores Shoppers , Maverik,
 Retail , Convenience Stores Shoppers , Quiktrip,
 Retail , Convenience Stores Shoppers , Sheetz,
 Retail , Convenience Stores Shoppers , Superamerica,
 Retail , Convenience Stores Shoppers , Wawa Food Markets,
 Retail , Cosmetics Shoppers,,
 Retail , Cosmetics Shoppers , Aveda,
 Retail , Cosmetics Shoppers , Bare Escentuals,
 Retail , Cosmetics Shoppers , Bath Body Works,
 Retail , Cosmetics Shoppers , Estee Lauder,
 Retail , Cosmetics Shoppers , L.A. Nails,
 Retail , Cosmetics Shoppers , L'Occitane,
 Retail , Cosmetics Shoppers , M.A.C. Cosmetics,
 Retail , Cosmetics Shoppers , Mary Kay Cosmetics,
 Retail , Cosmetics Shoppers , Merle Norman Cosmetics,
 Retail , Cosmetics Shoppers , Perfumania,
 Retail , Cosmetics Shoppers , Pro Nails,
 Retail , Cosmetics Shoppers , Regal Nails,
 Retail , Cosmetics Shoppers , Sally,
 Retail , Cosmetics Shoppers , Sephora,
 Retail , Cosmetics Shoppers , Space.Nk.Apothecary,
 Retail , Cosmetics Shoppers , The Body Shop,
 Retail , Cosmetics Shoppers , The Fragrance Shop,
 Retail , Cosmetics Shoppers , The Perfume Shop,
 Retail , Cosmetics Shoppers , Ultra,
 Retail , Cosmetics Shoppers , Vip Nails,
 Retail , Dollar Stores Shoppers,,
 Retail , Dollar Stores Shoppers , 99 Cents Only Store,
 Retail , Dollar Stores Shoppers , Deals Inc,
 Retail , Dollar Stores Shoppers , Dollar General,
 Retail , Dollar Stores Shoppers , Dollar Plus,
 Retail , Dollar Stores Shoppers , Dollar Store,
 Retail , Dollar Stores Shoppers , Dollar Tree,
 Retail , Dollar Stores Shoppers , Family Dollar Store,
 Retail , Dollar Stores Shoppers , Five Below,
 Retail , Footwear Shoppers,,
 Retail , Footwear Shoppers , Adidas,
 Retail , Footwear Shoppers , Aldo,
 Retail , Footwear Shoppers , Clarks,
 Retail , Footwear Shoppers , Converse,
 Retail , Footwear Shoppers , Dr Martens,
 Retail , Footwear Shoppers , DSW,
 Retail , Footwear Shoppers , Famous Footwear,
 Retail , Footwear Shoppers , Foot Locker,
 Retail , Footwear Shoppers , Footaction,
 Retail , Footwear Shoppers , Journeys,
 Retail , Footwear Shoppers , Kids Foot Locker,
 Retail , Footwear Shoppers , Lady Foot Locker,
 Retail , Footwear Shoppers , New Balance,
 Retail , Footwear Shoppers , Payless Shoesource,
 Retail , Footwear Shoppers , Rack Room Shoes,
 Retail , Footwear Shoppers , Red Wing Shoes,
 Retail , Footwear Shoppers , Rockport,
 Retail , Footwear Shoppers , Shoe Carnival,
 Retail , Footwear Shoppers , Skechers,
 Retail , Footwear Shoppers , Steve Madden,
 Retail , Footwear Shoppers , The Walking Company,
 Retail , Footwear Shoppers , Timberland,
 Retail , Footwear Shoppers , Vans,
 Retail , Gas Stations,,
 Retail , Gas Stations , 7 Eleven,
 Retail , Gas Stations , 76 Gas Stations,
 Retail , Gas Stations , Arco,
 Retail , Gas Stations , BP,
 Retail , Gas Stations , Chevron,
 Retail , Gas Stations , Citgo,
 Retail , Gas Stations , Conoco,
 Retail , Gas Stations , Exxon,
 Retail , Gas Stations , Gulf,
 Retail , Gas Stations , Hess,
 Retail , Gas Stations , Marathon Oil,
 Retail , Gas Stations , Mobil,
 Retail , Gas Stations , Murphy Usa,
 Retail , Gas Stations , Phillips 66,
 Retail , Gas Stations , Racetrac,
 Retail , Gas Stations , Shell,
 Retail , Gas Stations , Speedway,
 Retail , Gas Stations , Sunoco,
 Retail , Gas Stations , Texaco,
 Retail , Gas Stations , Total,
 Retail , Gas Stations , Valero,
 Retail , Grocery Shoppers,,
 Retail , Grocery Shoppers , Albertsons,
 Retail , Grocery Shoppers , Aldi,
 Retail , Grocery Shoppers , BJ's,
 Retail , Grocery Shoppers , Costco,
 Retail , Grocery Shoppers , Costcutter,
 Retail , Grocery Shoppers , Food Lion,
 Retail , Grocery Shoppers , Foodcity,
 Retail , Grocery Shoppers , Foodland,
 Retail , Grocery Shoppers , Giant,
 Retail , Grocery Shoppers , Giant Eagle,
 Retail , Grocery Shoppers , H-E-B,
 Retail , Grocery Shoppers , Harris Teeter,
 Retail , Grocery Shoppers , Hy-Vee,
 Retail , Grocery Shoppers , Iga,
 Retail , Grocery Shoppers , Ingles Markets,
 Retail , Grocery Shoppers , Jewel-Osco,
 Retail , Grocery Shoppers , Kroger,
 Retail , Grocery Shoppers , Lidl,
 Retail , Grocery Shoppers , Menards,
 Retail , Grocery Shoppers , Piggly Wiggly Supermarket,
 Retail , Grocery Shoppers , Pricechopper,
 Retail , Grocery Shoppers , Publix,
 Retail , Grocery Shoppers , Safeway,
 Retail , Grocery Shoppers , Sams,
 Retail , Grocery Shoppers , Save-A-Lot,
 Retail , Grocery Shoppers , Shoppers,
 Retail , Grocery Shoppers , Shoprite,
 Retail , Grocery Shoppers , Smart & Final,
 Retail , Grocery Shoppers , Super Target,
 Retail , Grocery Shoppers , Supervalu,
 Retail , Grocery Shoppers , Vons,
 Retail , Grocery Shoppers , Walmart,
 Retail , Grocery Shoppers , Walmart Supercenter,
 Retail , Grocery Shoppers , Wegmans,
 Retail , Grocery Shoppers , Winn-Dixie,
 Retail , Hairstylists & Barbers,,
 Retail , Hairstylists & Barbers , Cost Cutters,
 Retail , Hairstylists & Barbers , Famous Hair,
 Retail , Hairstylists & Barbers , Fantastic Sams,
 Retail , Hairstylists & Barbers , Great Clips,
 Retail , Hairstylists & Barbers , Hair Cuttery,
 Retail , Hairstylists & Barbers , Hairmasters,
 Retail , Hairstylists & Barbers , Mastercuts,
 Retail , Hairstylists & Barbers , Regis Salon,
 Retail , Hairstylists & Barbers , Sally Beauty Supply,
 Retail , Hairstylists & Barbers , Smartstyle,
 Retail , Hairstylists & Barbers , Sport Clips,
 Retail , Hairstylists & Barbers , Supercuts,
 Retail , Hairstylists & Barbers , TGF Hair Salon,
 Retail , Health Conscious Shoppers,,
 Retail , Health Conscious Shoppers , Gnc,
 Retail , Health Conscious Shoppers , Robeks,
 Retail , Health Conscious Shoppers , Smoothie King,
 Retail , Health Conscious Shoppers , The Fresh Market,
 Retail , Health Conscious Shoppers , The Vitamin Shoppe,
 Retail , Health Conscious Shoppers , Trader Joe's,
 Retail , Health Conscious Shoppers , Vitamin World,
 Retail , Health Conscious Shoppers , Whole Foods Market,
 Retail , Home Improvement & Diy Shoppers,,
 Retail , Home Improvement & Diy Shoppers , ACE,
 Retail , Home Improvement & Diy Shoppers , Benjamin Moore,
 Retail , Home Improvement & Diy Shoppers , Fastenal,
 Retail , Home Improvement & Diy Shoppers , Grainger,
 Retail , Home Improvement & Diy Shoppers , Harbor Freight Tools,
 Retail , Home Improvement & Diy Shoppers , Lowe's,
 Retail , Home Improvement & Diy Shoppers , Menards,
 Retail , Home Improvement & Diy Shoppers , Northern Tool,
 Retail , Home Improvement & Diy Shoppers , Sherwin-Williams,
 Retail , Home Improvement & Diy Shoppers , The Home Depot,
 Retail , Home Improvement & Diy Shoppers , Tractor Supply Co.,
 Retail , Housewares And Furniture Shoppers,,
 Retail , Housewares And Furniture Shoppers , Ashley Furniture Homestore,
 Retail , Housewares And Furniture Shoppers , Badcock Home Furniture & More,
 Retail , Housewares And Furniture Shoppers , Bassett Furniture,
 Retail , Housewares And Furniture Shoppers , Bed Bath & Beyond,
 Retail , Housewares And Furniture Shoppers , Budget Blinds,
 Retail , Housewares And Furniture Shoppers , Crate & Barrel,
 Retail , Housewares And Furniture Shoppers , Ethan Allen,
 Retail , Housewares And Furniture Shoppers , Harveys,
 Retail , Housewares And Furniture Shoppers , Havertys,
 Retail , Housewares And Furniture Shoppers , Homegoods,
 Retail , Housewares And Furniture Shoppers , Homesense,
 Retail , Housewares And Furniture Shoppers , Ikea,
 Retail , Housewares And Furniture Shoppers , La-Z-Boy,
 Retail , Housewares And Furniture Shoppers , Mattress Firm,
 Retail , Housewares And Furniture Shoppers , Perfect Home,
 Retail , Housewares And Furniture Shoppers , Pier 1 Imports,
 Retail , Housewares And Furniture Shoppers , Pottery Barn,
 Retail , Housewares And Furniture Shoppers , Raymour & Flanigan,
 Retail , Housewares And Furniture Shoppers , Restoration Hardware,
 Retail , Housewares And Furniture Shoppers , Rooms To Go,
 Retail , Housewares And Furniture Shoppers , Sleep Number,
 Retail , Housewares And Furniture Shoppers , Sleepy's,
 Retail , Housewares And Furniture Shoppers , The Brick,
 Retail , Housewares And Furniture Shoppers , The Container Store,
 Retail , Housewares And Furniture Shoppers , Value City Furniture,
 Retail , Housewares And Furniture Shoppers , Williams-Sonoma,
 Retail , Housewares And Furniture Shoppers , Yankee Candle,
 Retail , Jewelry Shoppers,,
 Retail , Jewelry Shoppers , Diamond Factory,
 Retail , Jewelry Shoppers , Ernest Jones,
 Retail , Jewelry Shoppers , Jared The Galleria Of Jewelry,
 Retail , Jewelry Shoppers , Kay Jewelers,
 Retail , Jewelry Shoppers , Pandora,
 Retail , Jewelry Shoppers , Swarovski,
 Retail , Jewelry Shoppers , Tiffany,
 Retail , Jewelry Shoppers , Zales Jewelers,
 Retail , Liquor Store Shoppers,,
 Retail , Liquor Store Shoppers , ABC,
 Retail , Liquor Store Shoppers , The Beer Store,
 Retail , Liquor Store Shoppers , Total Wine & More,
 Retail , Luxury Shoppers,,
 Retail , Luxury Shoppers , Ann Inc.,
 Retail , Luxury Shoppers , Anthropologie,
 Retail , Luxury Shoppers , Barneys New York,
 Retail , Luxury Shoppers , Bloomingdale's,
 Retail , Luxury Shoppers , Bottega Veneta,
 Retail , Luxury Shoppers , Brooks Brothers,
 Retail , Luxury Shoppers , Bulgari,
 Retail , Luxury Shoppers , Burberry,
 Retail , Luxury Shoppers , Calvin Klein,
 Retail , Luxury Shoppers , Carson'S,
 Retail , Luxury Shoppers , Chanel,
 Retail , Luxury Shoppers , Club Monaco,
 Retail , Luxury Shoppers , Coach,
 Retail , Luxury Shoppers , Dior,
 Retail , Luxury Shoppers , Dolce & Gabbana,
 Retail , Luxury Shoppers , Fendi,
 Retail , Luxury Shoppers , Gianni Versace,
 Retail , Luxury Shoppers , Giorgio Armani,
 Retail , Luxury Shoppers , Hermes,
 Retail , Luxury Shoppers , Hickey Freeman,
 Retail , Luxury Shoppers , Hogan,
 Retail , Luxury Shoppers , Hugo Boss,
 Retail , Luxury Shoppers , Ike Behar,
 Retail , Luxury Shoppers , J Brand,
 Retail , Luxury Shoppers , Kenneth Cole Productions,
 Retail , Luxury Shoppers , Kenzo,
 Retail , Luxury Shoppers , Laura Ashley,
 Retail , Luxury Shoppers , Loro Piana,
 Retail , Luxury Shoppers , Louis Vuitton,
 Retail , Luxury Shoppers , Michael Kors,
 Retail , Luxury Shoppers , Moncler,
 Retail , Luxury Shoppers , Montblanc,
 Retail , Luxury Shoppers , Neiman Marcus,
 Retail , Luxury Shoppers , Nine West,
 Retail , Luxury Shoppers , Nordstrom,
 Retail , Luxury Shoppers , Paul Stuart,
 Retail , Luxury Shoppers , Prada,
 Retail , Luxury Shoppers , Ralph Lauren,
 Retail , Luxury Shoppers , Saks Fifth Avenue,
 Retail , Luxury Shoppers , Tag Heuer,
 Retail , Luxury Shoppers , Theory,
 Retail , Luxury Shoppers , Valentino,
 Retail , Music & Entertainment Shoppers,,
 Retail , Music & Entertainment Shoppers , Barnes & Noble,
 Retail , Music & Entertainment Shoppers , Books-A-Million,
 Retail , Music & Entertainment Shoppers , F.Y.E. Superstores,
 Retail , Music & Entertainment Shoppers , Guitar Center,
 Retail , Music & Entertainment Shoppers , Sam Ash,
 Retail , Office Supply Shoppers,,
 Retail , Office Supply Shoppers , Office Depot,
 Retail , Office Supply Shoppers , Officemax,
 Retail , Office Supply Shoppers , Staples,
 Retail , Opticians,,
 Retail , Opticians , Lenscrafters,
 Retail , Opticians , Pearle Vision Center,
 Retail , Opticians , Sears Optical,
 Retail , Outdoor Gear Shoppers,,
 Retail , Outdoor Gear Shoppers , Bass Pro Shops Outdoor World,
 Retail , Outdoor Gear Shoppers , Cabela's,
 Retail , Outdoor Gear Shoppers , Camping World,
 Retail , Outdoor Gear Shoppers , Columbia Sportswear,
 Retail , Outdoor Gear Shoppers , Eddie Bauer,
 Retail , Outdoor Gear Shoppers , Gander Mountain,
 Retail , Outdoor Gear Shoppers , Marmot,
 Retail , Outdoor Gear Shoppers , Moosejaw,
 Retail , Outdoor Gear Shoppers , Mountain Warehouse,
 Retail , Outdoor Gear Shoppers , Northface,
 Retail , Outdoor Gear Shoppers , Patagonia,
 Retail , Outdoor Gear Shoppers , Performance Bike,
 Retail , Outdoor Gear Shoppers , Polaris,
 Retail , Outdoor Gear Shoppers , REI,
 Retail , Outlet Store Shoppers,,
 Retail , Pet Supply Shoppers,,
 Retail , Pet Supply Shoppers , Petco,
 Retail , Pet Supply Shoppers , Petsmart,
 Retail , Pharmacy Shoppers,,
 Retail , Pharmacy Shoppers , CVS Pharmacy,
 Retail , Pharmacy Shoppers , Duane Reade,
 Retail , Pharmacy Shoppers , Medicine Shoppe Pharmacy,
 Retail , Pharmacy Shoppers , Rite Aid,
 Retail , Pharmacy Shoppers , Walgreens,
 Retail , Real Estate,,
 Retail , Real Estate , Century 21,
 Retail , Real Estate , Coldwell Bankers Realty,
 Retail , Real Estate , Hamptons International,
 Retail , Real Estate , Keller Williams Realty,
 Retail , Real Estate , Long & Foster,
 Retail , Real Estate , Prudential Real Estate,
 Retail , Real Estate , Re/Max,
 Retail , Real Estate , Realty Executives International,
 Retail , Real Estate , Remax,
 Retail , Real Estate , Sotheby's,
 Retail , Real Estate , Weichert,
 Retail , Self Storage,,
 Retail , Self Storage , Cubesmart,
 Retail , Self Storage , Extra Space Storage,
 Retail , Self Storage , Ezstorage,
 Retail , Self Storage , Public Storage,
 Retail , Self Storage , Selfstorage,
 Retail , Sporting Goods Shoppers,,
 Retail , Sporting Goods Shoppers , Big 5 Sporting Goods,
 Retail , Sporting Goods Shoppers , Champs Sports,
 Retail , Sporting Goods Shoppers , Dick'S Sporting Goods,
 Retail , Sporting Goods Shoppers , Dunham's Sports,
 Retail , Sporting Goods Shoppers , Hibbett Sports,
 Retail , Sporting Goods Shoppers , Lids,
 Retail , Sporting Goods Shoppers , Lululemon,
 Retail , Sporting Goods Shoppers , Modell's Sporting Goods,
 Retail , Sporting Goods Shoppers , Olympia Sports,
 Retail , Sporting Goods Shoppers , Performance Bike,
 Retail , Sporting Goods Shoppers , Play It Again,
 Retail , Sporting Goods Shoppers , Running Room,
 Retail , Sporting Goods Shoppers , Sport Chalet,
 Retail , Sporting Goods Shoppers , Sweatshop,
 Retail , Sporting Goods Shoppers , The Athlete's Foot,
 Retail , Sporting Goods Shoppers , The Finish Line,
 Retail , Toy Store Shoppers,,
 Retail , Toy Store Shoppers , Build-A-Bear,
 Retail , Toy Store Shoppers , Games Workshop,
 Retail , Toy Store Shoppers , Learning Express,
 Retail , Toy Store Shoppers , Lego,
 Retail , Toy Store Shoppers , The Walt Disney Store,
 Retail , Toy Store Shoppers , Toys R Us,
 Retail , Truck Rental,,
 Retail , Truck Rental , Budget Truck Rental,
 Retail , Truck Rental , Enterprise Rent-A-Truck,
 Retail , Truck Rental , Penske Truck Rental,
 Retail , Truck Rental , Ryder Truck Rental And Leasing,
 Retail , Truck Rental , U-Haul Neighborhood Dealer,
 Retail , Undergarments And Lingerie Shoppers,,
 Retail , Undergarments And Lingerie Shoppers , Aerie,
 Retail , Undergarments And Lingerie Shoppers , Frederick's Of Hollywood,
 Retail , Undergarments And Lingerie Shoppers , Pink,
 Retail , Undergarments And Lingerie Shoppers , Victoria Secret,
 Travel,,,
 Travel , Airport,,
 Travel , Airport , ATL,
 Travel , Airport , BOS,
 Travel , Airport , BWI,
 Travel , Airport , CLT,
 Travel , Airport , DCA,
 Travel , Airport , DEN,
 Travel , Airport , DFW,
 Travel , Airport , DTW,
 Travel , Airport , EWR,
 Travel , Airport , FLL,
 Travel , Airport , HNL,
 Travel , Airport , IAD,
 Travel , Airport , IAH,
 Travel , Airport , JFK,
 Travel , Airport , LAS,
 Travel , Airport , LAX,
 Travel , Airport , LGA,
 Travel , Airport , MCO,
 Travel , Airport , MDW,
 Travel , Airport , MIA,
 Travel , Airport , MSP,
 Travel , Airport , ORD,
 Travel , Airport , PDX,
 Travel , Airport , PHL,
 Travel , Airport , PHX,
 Travel , Airport , SAN,
 Travel , Airport , SEA,
 Travel , Airport , SFO,
 Travel , Airport , SLC,
 Travel , Airport , TPA,
 Travel , Auto Rental,,
 Travel , Auto Rental , Avis,
 Travel , Auto Rental , Budget,
 Travel , Auto Rental , Dollar Rent A Car,
 Travel , Auto Rental , Enterprise Rent-A-Car,
 Travel , Auto Rental , Hertz,
 Travel , Auto Rental , Sixty,
 Travel , Auto Rental , Thrifty Auto Rentals,
 Travel , Bus & Train,,
 Travel , Bus & Train , Amtrak,
 Travel , Bus & Train , Greyhound,
 Travel , Cruise Ports,,
 Travel , Frequent Flyer,,
 Travel , Frequent Flyer , Domestic,
 Travel , Frequent Flyer , International,
 Travel , Hotels,,
 Travel , Hotels , A: Economy Hotel,
 Travel , Hotels , A: Economy Hotel , Americas Best Value Inn
 Travel , Hotels , A: Economy Hotel , Best Western Inn
 Travel , Hotels , A: Economy Hotel , Candlewood Suites
 Travel , Hotels , A: Economy Hotel , Days Inn
 Travel , Hotels , A: Economy Hotel , Econo Lodge
 Travel , Hotels , A: Economy Hotel , Intown Suites
 Travel , Hotels , A: Economy Hotel , Knights Inn
 Travel , Hotels , A: Economy Hotel , La Quinta Inn Suites Lafayette
 Travel , Hotels , A: Economy Hotel , Microtel Inn & Suites By Wyndham
 Travel , Hotels , A: Economy Hotel , Motel 6
 Travel , Hotels , A: Economy Hotel , Rodeway Inn
 Travel , Hotels , A: Economy Hotel , Super 8 Motel
 Travel , Hotels , A: Economy Hotel , Travelodge
 Travel , Hotels , B: Midscale Hotel,
 Travel , Hotels , B: Midscale Hotel , Baymont Inn & Suites
 Travel , Hotels , B: Midscale Hotel , Best Western Plus
 Travel , Hotels , B: Midscale Hotel , Fairfield Inn & Suites By Mariott
 Travel , Hotels , B: Midscale Hotel , Holiday Inn Express
 Travel , Hotels , B: Midscale Hotel , Howard Johnson
 Travel , Hotels , B: Midscale Hotel , Ibis
 Travel , Hotels , B: Midscale Hotel , Quality Inn
 Travel , Hotels , B: Midscale Hotel , Ramada
 Travel , Hotels , B: Midscale Hotel , Sleep Inn
 Travel , Hotels , B: Midscale Hotel , Towneplace Suites
 Travel , Hotels , B: Midscale Hotel , Wingate By Wyndham
 Travel , Hotels , C: Upper Midscale Hotel,
 Travel , Hotels , C: Upper Midscale Hotel , Comfort Inn
 Travel , Hotels , C: Upper Midscale Hotel , Comfort Suites
 Travel , Hotels , C: Upper Midscale Hotel , Country Inns & Suites
 Travel , Hotels , C: Upper Midscale Hotel , Courtyard
 Travel , Hotels , C: Upper Midscale Hotel , Hampton Inn By Hilton
 Travel , Hotels , C: Upper Midscale Hotel , Holiday Inn
 Travel , Hotels , C: Upper Midscale Hotel , Mercure
 Travel , Hotels , C: Upper Midscale Hotel , Premier Inn
 Travel , Hotels , C: Upper Midscale Hotel , Residence Inn
 Travel , Hotels , C: Upper Midscale Hotel , Springhill Suites
 Travel , Hotels , C: Upper Midscale Hotel , Staybridge Suites
 Travel , Hotels , D: Upscale Hotel,
 Travel , Hotels , D: Upscale Hotel , Clarion Hotel
 Travel , Hotels , D: Upscale Hotel , Embassy Suites
 Travel , Hotels , D: Upscale Hotel , Hilton Garden Inn
 Travel , Hotels , D: Upscale Hotel , Homewood Suites
 Travel , Hotels , D: Upscale Hotel , Hyatt House
 Travel , Hotels , D: Upscale Hotel , Radisson
 Travel , Hotels , D: Upscale Hotel , Wyndham Hotels & Resorts
 Travel , Hotels , E: Upper Upscale Hotel,
 Travel , Hotels , E: Upper Upscale Hotel , Crowne Plaza
 Travel , Hotels , E: Upper Upscale Hotel , Doubletree
 Travel , Hotels , E: Upper Upscale Hotel , Hilton
 Travel , Hotels , E: Upper Upscale Hotel , Marriott
 Travel , Hotels , E: Upper Upscale Hotel , Renaissance
 Travel , Hotels , E: Upper Upscale Hotel , Sheraton
 Travel , Hotels , E: Upper Upscale Hotel , Westin
 Travel , Hotels , F: Luxury Hotel,
 Travel , Hotels , F: Luxury Hotel , Hyatt Regency
 Travel , Hotels , F: Luxury Hotel , Ritz-Carlton
 Travel , Leisure,,
 Travel , Leisure , Amusement Parks,
 Travel , Leisure , National Parks,
 Travel , Travel Agencies,,
 Travel , Travel Agencies , AAA Travel Agency,
 Travel , Travel Agencies , Thomas Cook,
